{
  "project_info": {
    "project_number": "711654099533",
    "project_id": "helpinghands-96b47",
    "storage_bucket": "helpinghands-96b47.appspot.com"
  },
  "client": [
    {
      "client_info": {
        "mobilesdk_app_id": "1:711654099533:android:73537947f12e8b4ecdea04",
        "android_client_info": {
          "package_name": "com.intprog.helpinghands"
        }
      },
      "oauth_client": [],
      "api_key": [
        {
          "current_key": "AIzaSyCkb8KoWJswdLN0vJRG77QGb_8FDNs9lH8"
        }
      ],
      "services": {
        "appinvite_service": {
          "other_platform_oauth_client": []
        }
      }
    }
  ],
  "configuration_version": "1"
}